{
  "project_info": {
    "project_number": "563746226730",
    "firebase_url": "https://fitcurve.firebaseio.com",
    "project_id": "fitcurve",
    "storage_bucket": "fitcurve.appspot.com"
  },
  "client": [
    {
      "client_info": {
        "mobilesdk_app_id": "1:563746226730:android:cccf0bcd97032d2e053953",
        "android_client_info": {
          "package_name": "com.example.surbhidii"
        }
      },
      "oauth_client": [
        {
          "client_id": "563746226730-b3infb6eq8gi1qfr1sncuopquts6vdet.apps.googleusercontent.com",
          "client_type": 1,
          "android_info": {
            "package_name": "com.example.surbhidii",
            "certificate_hash": "a6722ba8c7944e206e096c43c1f8ac39d857f55c"
          }
        },
        {
          "client_id": "563746226730-jede1e69upgmfk7nnl1jnbtfj9jdabhk.apps.googleusercontent.com",
          "client_type": 3
        }
      ],
      "api_key": [
        {
          "current_key": "AIzaSyBhzNBuZBePqz9GVvC7hkwL-OzCyKjDdtM"
        }
      ],
      "services": {
        "appinvite_service": {
          "other_platform_oauth_client": [
            {
              "client_id": "563746226730-jede1e69upgmfk7nnl1jnbtfj9jdabhk.apps.googleusercontent.com",
              "client_type": 3
            }
          ]
        }
      }
    }
  ],
  "configuration_version": "1"
}